date,category,sales,units
2023-01-01,Electronics,1364.57,17.0
2023-01-01,Clothing,1538.43,23.0
2023-01-01,Books,634.78,26.0
2023-01-01,Home & Garden,444.35,5.0
2023-01-02,Electronics,1163.92,54.0
2023-01-02,Clothing,1292.03,13.0
2023-01-02,Books,473.24,14.0
2023-01-02,Home & Garden,369.04,11.0
2023-01-03,Electronics,1034.8,19.0
2023-01-03,Clothing,970.21,22.0
2023-01-03,Books,443.15,10.0
2023-01-03,Home & Garden,361.21,7.0
2023-01-04,Electronics,1164.37,32.0
2023-01-04,Clothing,1172.38,19.0
2023-01-04,Books,462.99,7.0
2023-01-04,Home & Garden,354.36,11.0
2023-01-05,Electronics,959.39,13.0
2023-01-05,Clothing,1164.07,21.0
2023-01-05,Books,485.55,21.0
2023-01-05,Home & Garden,313.73,3.0
2023-01-06,Electronics,1110.24,25.0
2023-01-06,Clothing,1052.19,17.0
2023-01-06,Books,418.64,4.0
2023-01-06,Home & Garden,358.22,4.0
2023-01-07,Electronics,1439.3,53.0
2023-01-07,Clothing,1583.9,44.0
2023-01-07,Books,615.91,12.0
2023-01-07,Home & Garden,443.66,11.0
2023-01-08,Electronics,1284.96,30.0
2023-01-08,Clothing,1720.72,27.0
2023-01-08,Books,638.71,25.0
2023-01-08,Home & Garden,440.67,4.0
2023-01-09,Electronics,970.81,47.0
2023-01-09,Clothing,1269.36,15.0
2023-01-09,Books,521.18,6.0
2023-01-09,Home & Garden,386.24,15.0
2023-01-10,Electronics,958.6,11.0
2023-01-10,Clothing,1158.23,17.0
2023-01-10,Books,446.58,10.0
2023-01-10,Home & Garden,347.64,8.0
2023-01-11,Electronics,1136.97,12.0
2023-01-11,Clothing,1356.0,23.0
2023-01-11,Books,482.49,6.0
2023-01-11,Home & Garden,332.29,5.0
2023-01-12,Electronics,1052.84,17.0
2023-01-12,Clothing,1379.44,25.0
2023-01-12,Books,466.28,10.0
2023-01-12,Home & Garden,345.64,6.0
2023-01-13,Electronics,1038.38,20.0
2023-01-13,Clothing,1234.0,15.0
2023-01-13,Books,421.77,4.0
2023-01-13,Home & Garden,339.54,4.0
2023-01-14,Electronics,1513.73,18.0
2023-01-14,Clothing,1597.82,46.0
2023-01-14,Books,597.89,7.0
2023-01-14,Home & Garden,511.59,6.0
2023-01-15,Electronics,1295.51,34.0
2023-01-15,Clothing,1494.27,28.0
2023-01-15,Books,605.18,29.0
2023-01-15,Home & Garden,480.44,8.0
2023-01-16,Electronics,924.4,31.0
2023-01-16,Clothing,1136.75,24.0
2023-01-16,Books,441.55,7.0
2023-01-16,Home & Garden,376.28,5.0
2023-01-17,Electronics,1109.67,11.0
2023-01-17,Clothing,1176.02,29.0
2023-01-17,Books,359.99,8.0
2023-01-17,Home & Garden,362.3,16.0
2023-01-18,Electronics,1093.32,45.0
2023-01-18,Clothing,1474.28,35.0
2023-01-18,Books,433.64,14.0
2023-01-18,Home & Garden,375.97,6.0
2023-01-19,Electronics,1216.48,31.0
2023-01-19,Clothing,1269.64,16.0
2023-01-19,Books,500.42,7.0
2023-01-19,Home & Garden,315.34,5.0
2023-01-20,Electronics,988.01,42.0
2023-01-20,Clothing,1111.93,17.0
2023-01-20,Books,368.03,5.0
2023-01-20,Home & Garden,371.18,11.0
2023-01-21,Electronics,1300.32,14.0
2023-01-21,Clothing,1766.35,57.0
2023-01-21,Books,517.99,6.0
2023-01-21,Home & Garden,466.33,5.0
2023-01-22,Electronics,1555.3,18.0
2023-01-22,Clothing,1338.35,21.0
2023-01-22,Books,468.14,17.0
2023-01-22,Home & Garden,493.51,5.0
2023-01-23,Electronics,1140.09,24.0
2023-01-23,Clothing,1263.09,26.0
2023-01-23,Books,448.09,5.0
2023-01-23,Home & Garden,386.07,5.0
2023-01-24,Electronics,1040.11,32.0
2023-01-24,Clothing,1196.04,13.0
2023-01-24,Books,435.05,21.0
2023-01-24,Home & Garden,350.28,11.0
2023-01-25,Electronics,1329.87,18.0
2023-01-25,Clothing,1221.42,32.0
2023-01-25,Books,378.61,8.0
2023-01-25,Home & Garden,409.49,5.0
2023-01-26,Electronics,1233.91,17.0
2023-01-26,Clothing,1211.35,19.0
2023-01-26,Books,406.13,10.0
2023-01-26,Home & Garden,353.29,9.0
2023-01-27,Electronics,1121.45,12.0
2023-01-27,Clothing,1199.97,17.0
2023-01-27,Books,413.76,6.0
2023-01-27,Home & Garden,440.57,7.0
2023-01-28,Electronics,1567.56,37.0
2023-01-28,Clothing,1375.58,63.0
2023-01-28,Books,476.07,5.0
2023-01-28,Home & Garden,527.82,5.0
2023-01-29,Electronics,1448.14,68.0
2023-01-29,Clothing,1607.57,17.0
2023-01-29,Books,554.21,6.0
2023-01-29,Home & Garden,503.42,6.0
2023-01-30,Electronics,1047.11,12.0
2023-01-30,Clothing,976.57,22.0
2023-01-30,Books,412.66,4.0
2023-01-30,Home & Garden,343.99,5.0
2023-01-31,Electronics,1046.99,15.0
2023-01-31,Clothing,1165.2,12.0
2023-01-31,Books,403.33,4.0
2023-01-31,Home & Garden,350.64,4.0
2023-02-01,Electronics,1277.85,26.0
2023-02-01,Clothing,1264.65,29.0
2023-02-01,Books,418.51,5.0
2023-02-01,Home & Garden,419.42,5.0
2023-02-02,Electronics,1217.02,15.0
2023-02-02,Clothing,1579.92,22.0
2023-02-02,Books,432.75,5.0
2023-02-02,Home & Garden,428.24,9.0
2023-02-03,Electronics,1072.01,16.0
2023-02-03,Clothing,1109.92,49.0
2023-02-03,Books,482.9,11.0
2023-02-03,Home & Garden,329.59,5.0
2023-02-04,Electronics,1444.43,48.0
2023-02-04,Clothing,1633.39,26.0
2023-02-04,Books,469.82,7.0
2023-02-04,Home & Garden,567.23,21.0
2023-02-05,Electronics,1528.48,24.0
2023-02-05,Clothing,1372.3,19.0
2023-02-05,Books,400.58,5.0
2023-02-05,Home & Garden,545.53,13.0
2023-02-06,Electronics,1081.56,49.0
2023-02-06,Clothing,1112.31,11.0
2023-02-06,Books,402.93,8.0
2023-02-06,Home & Garden,451.4,13.0
2023-02-07,Electronics,1122.85,18.0
2023-02-07,Clothing,1047.91,14.0
2023-02-07,Books,332.76,3.0
2023-02-07,Home & Garden,457.45,6.0
2023-02-08,Electronics,1434.02,27.0
2023-02-08,Clothing,1232.32,31.0
2023-02-08,Books,425.91,20.0
2023-02-08,Home & Garden,392.72,13.0
2023-02-09,Electronics,1239.73,21.0
2023-02-09,Clothing,1198.93,43.0
2023-02-09,Books,253.66,7.0
2023-02-09,Home & Garden,382.68,7.0
2023-02-10,Electronics,1385.5,20.0
2023-02-10,Clothing,949.87,40.0
2023-02-10,Books,426.33,7.0
2023-02-10,Home & Garden,368.4,4.0
2023-02-11,Electronics,1401.06,55.0
2023-02-11,Clothing,1501.44,21.0
2023-02-11,Books,484.33,5.0
2023-02-11,Home & Garden,542.53,8.0
2023-02-12,Electronics,1805.82,32.0
2023-02-12,Clothing,1252.31,20.0
2023-02-12,Books,470.34,5.0
2023-02-12,Home & Garden,602.93,7.0
2023-02-13,Electronics,1236.58,48.0
2023-02-13,Clothing,1026.61,23.0
2023-02-13,Books,343.31,12.0
2023-02-13,Home & Garden,479.62,6.0
2023-02-14,Electronics,1315.11,17.0
2023-02-14,Clothing,1123.57,13.0
2023-02-14,Books,332.25,4.0
2023-02-14,Home & Garden,421.19,5.0
2023-02-15,Electronics,1207.76,24.0
2023-02-15,Clothing,1098.01,13.0
2023-02-15,Books,379.49,4.0
2023-02-15,Home & Garden,441.28,8.0
2023-02-16,Electronics,1314.16,47.0
2023-02-16,Clothing,1168.28,13.0
2023-02-16,Books,404.02,9.0
2023-02-16,Home & Garden,455.61,5.0
2023-02-17,Electronics,1257.02,13.0
2023-02-17,Clothing,1061.43,16.0
2023-02-17,Books,325.92,7.0
2023-02-17,Home & Garden,555.04,12.0
2023-02-18,Electronics,1771.25,21.0
2023-02-18,Clothing,1501.65,18.0
2023-02-18,Books,457.83,19.0
2023-02-18,Home & Garden,548.39,9.0
2023-02-19,Electronics,1747.15,36.0
2023-02-19,Clothing,1364.46,46.0
2023-02-19,Books,474.19,7.0
2023-02-19,Home & Garden,573.99,20.0
2023-02-20,Electronics,1258.03,49.0
2023-02-20,Clothing,1006.3,12.0
2023-02-20,Books,331.64,12.0
2023-02-20,Home & Garden,483.43,5.0
2023-02-21,Electronics,1052.99,12.0
2023-02-21,Clothing,906.3,9.0
2023-02-21,Books,320.96,4.0
2023-02-21,Home & Garden,466.9,7.0
2023-02-22,Electronics,1340.43,46.0
2023-02-22,Clothing,1032.61,17.0
2023-02-22,Books,343.0,14.0
2023-02-22,Home & Garden,467.87,16.0
2023-02-23,Electronics,1277.69,16.0
2023-02-23,Clothing,957.6,14.0
2023-02-23,Books,337.79,8.0
2023-02-23,Home & Garden,506.08,6.0
2023-02-24,Electronics,1268.67,49.0
2023-02-24,Clothing,1039.76,16.0
2023-02-24,Books,340.25,5.0
2023-02-24,Home & Garden,515.82,7.0
2023-02-25,Electronics,1965.28,29.0
2023-02-25,Clothing,1239.7,13.0
2023-02-25,Books,534.65,13.0
2023-02-25,Home & Garden,592.96,17.0
2023-02-26,Electronics,1276.69,19.0
2023-02-26,Clothing,1265.18,48.0
2023-02-26,Books,450.93,10.0
2023-02-26,Home & Garden,773.77,9.0
2023-02-27,Electronics,1137.52,12.0
2023-02-27,Clothing,1071.76,12.0
2023-02-27,Books,289.44,3.0
2023-02-27,Home & Garden,598.88,7.0
2023-02-28,Electronics,1400.37,14.0
2023-02-28,Clothing,968.07,30.0
2023-02-28,Books,274.78,3.0
2023-02-28,Home & Garden,580.45,7.0
2023-03-01,Electronics,1241.01,23.0
2023-03-01,Clothing,1134.89,27.0
2023-03-01,Books,329.92,4.0
2023-03-01,Home & Garden,518.78,5.0
2023-03-02,Electronics,1201.44,21.0
2023-03-02,Clothing,1066.51,35.0
2023-03-02,Books,331.9,9.0
2023-03-02,Home & Garden,548.35,7.0
2023-03-03,Electronics,1067.27,37.0
2023-03-03,Clothing,1125.52,15.0
2023-03-03,Books,376.82,6.0
2023-03-03,Home & Garden,532.84,6.0
2023-03-04,Electronics,1980.55,22.0
2023-03-04,Clothing,1515.93,29.0
2023-03-04,Books,449.13,6.0
2023-03-04,Home & Garden,786.29,21.0
2023-03-05,Electronics,1819.47,35.0
2023-03-05,Clothing,1056.25,19.0
2023-03-05,Books,408.47,7.0
2023-03-05,Home & Garden,748.67,9.0
2023-03-06,Electronics,1474.51,17.0
2023-03-06,Clothing,844.53,9.0
2023-03-06,Books,266.6,5.0
2023-03-06,Home & Garden,539.71,5.0
2023-03-07,Electronics,1007.67,14.0
2023-03-07,Clothing,964.88,25.0
2023-03-07,Books,331.53,10.0
2023-03-07,Home & Garden,496.62,10.0
2023-03-08,Electronics,1264.52,17.0
2023-03-08,Clothing,1059.7,31.0
2023-03-08,Books,301.46,9.0
2023-03-08,Home & Garden,509.71,19.0
2023-03-09,Electronics,1260.98,35.0
2023-03-09,Clothing,861.52,18.0
2023-03-09,Books,379.18,16.0
2023-03-09,Home & Garden,561.09,7.0
2023-03-10,Electronics,1187.33,13.0
2023-03-10,Clothing,975.09,10.0
2023-03-10,Books,312.01,4.0
2023-03-10,Home & Garden,552.19,7.0
2023-03-11,Electronics,1574.03,32.0
2023-03-11,Clothing,1161.77,20.0
2023-03-11,Books,346.62,6.0
2023-03-11,Home & Garden,842.67,11.0
2023-03-12,Electronics,1760.63,29.0
2023-03-12,Clothing,1262.5,20.0
2023-03-12,Books,401.69,6.0
2023-03-12,Home & Garden,677.12,17.0
2023-03-13,Electronics,1185.31,55.0
2023-03-13,Clothing,802.33,18.0
2023-03-13,Books,291.64,10.0
2023-03-13,Home & Garden,518.66,6.0
2023-03-14,Electronics,1500.64,18.0
2023-03-14,Clothing,1010.74,17.0
2023-03-14,Books,313.06,5.0
2023-03-14,Home & Garden,536.68,7.0
2023-03-15,Electronics,1152.28,27.0
2023-03-15,Clothing,904.74,18.0
2023-03-15,Books,338.25,7.0
2023-03-15,Home & Garden,706.22,7.0
2023-03-16,Electronics,1107.16,39.0
2023-03-16,Clothing,967.25,30.0
2023-03-16,Books,288.47,8.0
2023-03-16,Home & Garden,569.59,13.0
2023-03-17,Electronics,1294.88,25.0
2023-03-17,Clothing,833.53,8.0
2023-03-17,Books,300.23,3.0
2023-03-17,Home & Garden,549.69,6.0
2023-03-18,Electronics,1580.28,47.0
2023-03-18,Clothing,1261.76,17.0
2023-03-18,Books,402.63,6.0
2023-03-18,Home & Garden,853.12,20.0
2023-03-19,Electronics,1567.43,34.0
2023-03-19,Clothing,1230.89,23.0
2023-03-19,Books,332.85,11.0
2023-03-19,Home & Garden,804.96,12.0
2023-03-20,Electronics,1375.02,43.0
2023-03-20,Clothing,741.3,13.0
2023-03-20,Books,285.13,6.0
2023-03-20,Home & Garden,625.07,20.0
2023-03-21,Electronics,1423.76,35.0
2023-03-21,Clothing,831.37,11.0
2023-03-21,Books,320.4,6.0
2023-03-21,Home & Garden,718.55,14.0
2023-03-22,Electronics,1369.32,16.0
2023-03-22,Clothing,857.72,9.0
2023-03-22,Books,314.86,3.0
2023-03-22,Home & Garden,595.65,17.0
2023-03-23,Electronics,1306.76,20.0
2023-03-23,Clothing,855.18,10.0
2023-03-23,Books,313.2,9.0
2023-03-23,Home & Garden,613.53,19.0
2023-03-24,Electronics,1347.52,18.0
2023-03-24,Clothing,825.61,13.0
2023-03-24,Books,328.75,6.0
2023-03-24,Home & Garden,624.79,7.0
2023-03-25,Electronics,1342.6,24.0
2023-03-25,Clothing,999.52,23.0
2023-03-25,Books,393.2,10.0
2023-03-25,Home & Garden,989.42,11.0
2023-03-26,Electronics,1827.09,20.0
2023-03-26,Clothing,858.86,12.0
2023-03-26,Books,333.95,11.0
2023-03-26,Home & Garden,952.96,11.0
2023-03-27,Electronics,1380.55,15.0
2023-03-27,Clothing,1032.4,12.0
2023-03-27,Books,287.24,7.0
2023-03-27,Home & Garden,607.4,8.0
2023-03-28,Electronics,1308.18,16.0
2023-03-28,Clothing,794.62,9.0
2023-03-28,Books,331.95,12.0
2023-03-28,Home & Garden,635.67,7.0
2023-03-29,Electronics,1264.22,15.0
2023-03-29,Clothing,746.59,23.0
2023-03-29,Books,323.22,4.0
2023-03-29,Home & Garden,613.53,9.0
2023-03-30,Electronics,1353.33,34.0
2023-03-30,Clothing,974.73,20.0
2023-03-30,Books,246.86,4.0
2023-03-30,Home & Garden,783.9,8.0
2023-03-31,Electronics,1336.21,22.0
2023-03-31,Clothing,722.21,10.0
2023-03-31,Books,303.4,4.0
2023-03-31,Home & Garden,737.85,8.0
2023-04-01,Electronics,1556.36,24.0
2023-04-01,Clothing,1098.43,16.0
2023-04-01,Books,452.18,5.0
2023-04-01,Home & Garden,856.03,9.0
2023-04-02,Electronics,1522.76,15.0
2023-04-02,Clothing,1026.92,12.0
2023-04-02,Books,392.17,6.0
2023-04-02,Home & Garden,1009.57,19.0
2023-04-03,Electronics,1279.41,15.0
2023-04-03,Clothing,759.24,37.0
2023-04-03,Books,269.66,4.0
2023-04-03,Home & Garden,589.2,6.0
2023-04-04,Electronics,1132.15,14.0
2023-04-04,Clothing,684.38,12.0
2023-04-04,Books,292.33,9.0
2023-04-04,Home & Garden,605.04,18.0
2023-04-05,Electronics,949.11,10.0
2023-04-05,Clothing,775.06,16.0
2023-04-05,Books,355.79,17.0
2023-04-05,Home & Garden,799.02,11.0
2023-04-06,Electronics,1264.35,47.0
2023-04-06,Clothing,686.94,7.0
2023-04-06,Books,377.8,15.0
2023-04-06,Home & Garden,728.44,9.0
2023-04-07,Electronics,1324.61,36.0
2023-04-07,Clothing,754.47,21.0
2023-04-07,Books,299.76,5.0
2023-04-07,Home & Garden,690.49,27.0
2023-04-08,Electronics,1644.87,27.0
2023-04-08,Clothing,1134.57,21.0
2023-04-08,Books,440.16,14.0
2023-04-08,Home & Garden,758.61,22.0
2023-04-09,Electronics,1449.69,20.0
2023-04-09,Clothing,901.3,17.0
2023-04-09,Books,428.56,19.0
2023-04-09,Home & Garden,1087.53,29.0
2023-04-10,Electronics,1390.76,64.0
2023-04-10,Clothing,660.83,23.0
2023-04-10,Books,286.07,4.0
2023-04-10,Home & Garden,784.79,20.0
2023-04-11,Electronics,1265.23,16.0
2023-04-11,Clothing,710.44,8.0
2023-04-11,Books,291.49,4.0
2023-04-11,Home & Garden,841.59,23.0
2023-04-12,Electronics,1372.38,65.0
2023-04-12,Clothing,708.66,26.0
2023-04-12,Books,312.85,6.0
2023-04-12,Home & Garden,665.02,7.0
2023-04-13,Electronics,1226.94,30.0
2023-04-13,Clothing,800.51,16.0
2023-04-13,Books,256.34,4.0
2023-04-13,Home & Garden,812.48,15.0
2023-04-14,Electronics,1024.27,24.0
2023-04-14,Clothing,839.5,9.0
2023-04-14,Books,287.69,3.0
2023-04-14,Home & Garden,802.79,14.0
2023-04-15,Electronics,1699.41,31.0
2023-04-15,Clothing,938.18,43.0
2023-04-15,Books,408.72,6.0
2023-04-15,Home & Garden,838.31,21.0
2023-04-16,Electronics,1707.35,17.0
2023-04-16,Clothing,898.71,14.0
2023-04-16,Books,376.1,18.0
2023-04-16,Home & Garden,939.59,10.0
2023-04-17,Electronics,1315.26,31.0
2023-04-17,Clothing,629.33,10.0
2023-04-17,Books,338.23,9.0
2023-04-17,Home & Garden,826.93,40.0
2023-04-18,Electronics,1321.62,19.0
2023-04-18,Clothing,758.82,10.0
2023-04-18,Books,250.96,4.0
2023-04-18,Home & Garden,693.66,29.0
2023-04-19,Electronics,1353.81,51.0
2023-04-19,Clothing,634.64,9.0
2023-04-19,Books,289.68,7.0
2023-04-19,Home & Garden,688.53,14.0
2023-04-20,Electronics,1160.17,18.0
2023-04-20,Clothing,749.11,13.0
2023-04-20,Books,324.85,4.0
2023-04-20,Home & Garden,821.92,22.0
2023-04-21,Electronics,1210.1,20.0
2023-04-21,Clothing,679.34,10.0
2023-04-21,Books,346.36,12.0
2023-04-21,Home & Garden,755.59,29.0
2023-04-22,Electronics,1661.16,22.0
2023-04-22,Clothing,1017.03,19.0
2023-04-22,Books,434.03,5.0
2023-04-22,Home & Garden,1004.13,13.0
2023-04-23,Electronics,1768.17,36.0
2023-04-23,Clothing,721.26,26.0
2023-04-23,Books,403.87,12.0
2023-04-23,Home & Garden,1137.84,18.0
2023-04-24,Electronics,1327.24,16.0
2023-04-24,Clothing,691.52,10.0
2023-04-24,Books,340.45,9.0
2023-04-24,Home & Garden,867.84,15.0
2023-04-25,Electronics,1331.51,39.0
2023-04-25,Clothing,658.74,10.0
2023-04-25,Books,281.44,3.0
2023-04-25,Home & Garden,923.31,9.0
2023-04-26,Electronics,1269.58,14.0
2023-04-26,Clothing,682.54,8.0
2023-04-26,Books,346.65,15.0
2023-04-26,Home & Garden,797.49,12.0
2023-04-27,Electronics,1217.21,47.0
2023-04-27,Clothing,613.13,8.0
2023-04-27,Books,358.31,14.0
2023-04-27,Home & Garden,770.67,17.0
2023-04-28,Electronics,1454.1,32.0
2023-04-28,Clothing,638.76,9.0
2023-04-28,Books,328.35,8.0
2023-04-28,Home & Garden,927.64,42.0
2023-04-29,Electronics,1661.97,17.0
2023-04-29,Clothing,892.24,11.0
2023-04-29,Books,396.12,7.0
2023-04-29,Home & Garden,1271.53,18.0
2023-04-30,Electronics,1572.03,29.0
2023-04-30,Clothing,914.37,12.0
2023-04-30,Books,402.14,8.0
2023-04-30,Home & Garden,1089.85,25.0
2023-05-01,Electronics,1136.35,49.0
2023-05-01,Clothing,561.34,26.0
2023-05-01,Books,323.41,6.0
2023-05-01,Home & Garden,888.31,12.0
2023-05-02,Electronics,1384.76,14.0
2023-05-02,Clothing,589.11,10.0
2023-05-02,Books,289.6,3.0
2023-05-02,Home & Garden,906.65,24.0
2023-05-03,Electronics,1279.01,19.0
2023-05-03,Clothing,625.38,10.0
2023-05-03,Books,307.04,8.0
2023-05-03,Home & Garden,831.83,24.0
2023-05-04,Electronics,1175.37,48.0
2023-05-04,Clothing,660.28,7.0
2023-05-04,Books,376.58,5.0
2023-05-04,Home & Garden,833.21,26.0
2023-05-05,Electronics,1183.46,31.0
2023-05-05,Clothing,621.25,10.0
2023-05-05,Books,382.89,14.0
2023-05-05,Home & Garden,1048.37,12.0
2023-05-06,Electronics,1525.18,17.0
2023-05-06,Clothing,722.88,7.0
2023-05-06,Books,445.9,6.0
2023-05-06,Home & Garden,1200.83,19.0
2023-05-07,Electronics,1592.28,32.0
2023-05-07,Clothing,685.16,17.0
2023-05-07,Books,434.58,16.0
2023-05-07,Home & Garden,1378.16,37.0
2023-05-08,Electronics,1179.53,13.0
2023-05-08,Clothing,579.82,10.0
2023-05-08,Books,422.64,5.0
2023-05-08,Home & Garden,855.79,18.0
2023-05-09,Electronics,1325.48,32.0
2023-05-09,Clothing,665.25,7.0
2023-05-09,Books,359.47,4.0
2023-05-09,Home & Garden,1009.39,11.0
2023-05-10,Electronics,1339.3,18.0
2023-05-10,Clothing,584.25,8.0
2023-05-10,Books,388.71,12.0
2023-05-10,Home & Garden,972.72,11.0
2023-05-11,Electronics,1213.92,26.0
2023-05-11,Clothing,558.68,7.0
2023-05-11,Books,356.3,4.0
2023-05-11,Home & Garden,882.1,15.0
2023-05-12,Electronics,1254.82,18.0
2023-05-12,Clothing,547.78,13.0
2023-05-12,Books,368.13,4.0
2023-05-12,Home & Garden,1122.56,39.0
2023-05-13,Electronics,1636.15,17.0
2023-05-13,Clothing,812.67,17.0
2023-05-13,Books,479.94,17.0
2023-05-13,Home & Garden,1228.3,13.0
2023-05-14,Electronics,1520.85,35.0
2023-05-14,Clothing,708.67,9.0
2023-05-14,Books,461.44,10.0
2023-05-14,Home & Garden,1126.89,16.0
2023-05-15,Electronics,1152.84,14.0
2023-05-15,Clothing,549.6,25.0
2023-05-15,Books,407.81,5.0
2023-05-15,Home & Garden,930.42,17.0
2023-05-16,Electronics,1041.25,31.0
2023-05-16,Clothing,409.23,5.0
2023-05-16,Books,318.71,12.0
2023-05-16,Home & Garden,1007.65,14.0
2023-05-17,Electronics,1058.53,11.0
2023-05-17,Clothing,564.94,18.0
2023-05-17,Books,380.6,7.0
2023-05-17,Home & Garden,935.97,13.0
2023-05-18,Electronics,1025.66,10.0
2023-05-18,Clothing,479.11,9.0
2023-05-18,Books,351.12,9.0
2023-05-18,Home & Garden,983.05,44.0
2023-05-19,Electronics,1055.56,12.0
2023-05-19,Clothing,583.55,10.0
2023-05-19,Books,374.7,5.0
2023-05-19,Home & Garden,997.38,11.0
2023-05-20,Electronics,1664.12,55.0
2023-05-20,Clothing,744.08,33.0
2023-05-20,Books,483.57,6.0
2023-05-20,Home & Garden,1333.61,23.0
2023-05-21,Electronics,1453.19,40.0
2023-05-21,Clothing,767.98,13.0
2023-05-21,Books,483.71,12.0
2023-05-21,Home & Garden,1165.4,14.0
2023-05-22,Electronics,1141.71,55.0
2023-05-22,Clothing,402.33,16.0
2023-05-22,Books,353.24,5.0
2023-05-22,Home & Garden,731.81,17.0
2023-05-23,Electronics,1284.66,16.0
2023-05-23,Clothing,512.54,22.0
2023-05-23,Books,336.59,9.0
2023-05-23,Home & Garden,965.21,10.0
2023-05-24,Electronics,1186.62,17.0
2023-05-24,Clothing,430.82,6.0
2023-05-24,Books,367.01,8.0
2023-05-24,Home & Garden,976.26,16.0
2023-05-25,Electronics,1153.73,51.0
2023-05-25,Clothing,450.07,17.0
2023-05-25,Books,340.16,5.0
2023-05-25,Home & Garden,949.89,13.0
2023-05-26,Electronics,1111.51,33.0
2023-05-26,Clothing,506.26,18.0
2023-05-26,Books,434.06,19.0
2023-05-26,Home & Garden,1071.72,11.0
2023-05-27,Electronics,1536.16,20.0
2023-05-27,Clothing,577.28,6.0
2023-05-27,Books,543.27,12.0
2023-05-27,Home & Garden,1361.24,16.0
2023-05-28,Electronics,1721.99,31.0
2023-05-28,Clothing,624.14,9.0
2023-05-28,Books,589.5,22.0
2023-05-28,Home & Garden,1309.88,53.0
2023-05-29,Electronics,1090.17,12.0
2023-05-29,Clothing,444.34,12.0
2023-05-29,Books,409.6,6.0
2023-05-29,Home & Garden,934.55,16.0
2023-05-30,Electronics,1362.5,36.0
2023-05-30,Clothing,483.37,5.0
2023-05-30,Books,393.63,11.0
2023-05-30,Home & Garden,1006.68,14.0
2023-05-31,Electronics,1127.62,13.0
2023-05-31,Clothing,382.82,5.0
2023-05-31,Books,375.97,8.0
2023-05-31,Home & Garden,1155.03,23.0
2023-06-01,Electronics,1178.86,21.0
2023-06-01,Clothing,503.65,6.0
2023-06-01,Books,440.95,5.0
2023-06-01,Home & Garden,997.22,19.0
2023-06-02,Electronics,1223.42,13.0
2023-06-02,Clothing,381.12,10.0
2023-06-02,Books,460.21,6.0
2023-06-02,Home & Garden,1142.69,37.0
2023-06-03,Electronics,1560.65,45.0
2023-06-03,Clothing,599.02,15.0
2023-06-03,Books,523.87,13.0
2023-06-03,Home & Garden,1462.7,16.0
2023-06-04,Electronics,1595.55,33.0
2023-06-04,Clothing,414.47,6.0
2023-06-04,Books,509.99,5.0
2023-06-04,Home & Garden,1165.88,29.0
2023-06-05,Electronics,987.89,12.0
2023-06-05,Clothing,494.05,16.0
2023-06-05,Books,408.2,10.0
2023-06-05,Home & Garden,1060.98,41.0
2023-06-06,Electronics,1138.85,24.0
2023-06-06,Clothing,383.21,4.0
2023-06-06,Books,348.9,5.0
2023-06-06,Home & Garden,971.87,13.0
2023-06-07,Electronics,1086.24,47.0
2023-06-07,Clothing,421.42,5.0
2023-06-07,Books,402.96,5.0
2023-06-07,Home & Garden,1229.31,15.0
2023-06-08,Electronics,1236.23,34.0
2023-06-08,Clothing,444.2,15.0
2023-06-08,Books,416.49,7.0
2023-06-08,Home & Garden,1016.59,11.0
2023-06-09,Electronics,1197.76,26.0
2023-06-09,Clothing,427.63,7.0
2023-06-09,Books,461.4,8.0
2023-06-09,Home & Garden,1058.21,17.0
2023-06-10,Electronics,1746.25,56.0
2023-06-10,Clothing,549.27,25.0
2023-06-10,Books,614.97,17.0
2023-06-10,Home & Garden,1194.01,16.0
2023-06-11,Electronics,1348.58,15.0
2023-06-11,Clothing,659.79,19.0
2023-06-11,Books,606.34,6.0
2023-06-11,Home & Garden,1401.63,19.0
2023-06-12,Electronics,1366.27,15.0
2023-06-12,Clothing,421.16,6.0
2023-06-12,Books,480.11,13.0
2023-06-12,Home & Garden,1151.54,16.0
2023-06-13,Electronics,1275.76,45.0
2023-06-13,Clothing,373.02,5.0
2023-06-13,Books,432.78,5.0
2023-06-13,Home & Garden,1065.25,13.0
2023-06-14,Electronics,1267.89,14.0
2023-06-14,Clothing,438.16,8.0
2023-06-14,Books,491.05,6.0
2023-06-14,Home & Garden,906.4,11.0
2023-06-15,Electronics,1054.44,12.0
2023-06-15,Clothing,474.48,16.0
2023-06-15,Books,434.5,9.0
2023-06-15,Home & Garden,1036.65,21.0
2023-06-16,Electronics,1254.3,25.0
2023-06-16,Clothing,380.0,7.0
2023-06-16,Books,417.0,11.0
2023-06-16,Home & Garden,899.57,35.0
2023-06-17,Electronics,1629.71,23.0
2023-06-17,Clothing,591.59,10.0
2023-06-17,Books,640.71,10.0
2023-06-17,Home & Garden,1305.99,22.0
2023-06-18,Electronics,1199.72,18.0
2023-06-18,Clothing,447.06,7.0
2023-06-18,Books,669.14,8.0
2023-06-18,Home & Garden,1428.01,18.0
2023-06-19,Electronics,1147.72,29.0
2023-06-19,Clothing,421.56,4.0
2023-06-19,Books,421.15,7.0
2023-06-19,Home & Garden,1012.0,25.0
2023-06-20,Electronics,956.74,11.0
2023-06-20,Clothing,363.46,6.0
2023-06-20,Books,501.01,6.0
2023-06-20,Home & Garden,878.79,21.0
2023-06-21,Electronics,952.81,28.0
2023-06-21,Clothing,398.04,5.0
2023-06-21,Books,467.12,6.0
2023-06-21,Home & Garden,904.48,32.0
2023-06-22,Electronics,884.02,9.0
2023-06-22,Clothing,423.83,7.0
2023-06-22,Books,476.07,20.0
2023-06-22,Home & Garden,1187.32,17.0
2023-06-23,Electronics,1059.22,12.0
2023-06-23,Clothing,426.81,5.0
2023-06-23,Books,436.13,6.0
2023-06-23,Home & Garden,976.46,18.0
2023-06-24,Electronics,1185.3,14.0
2023-06-24,Clothing,488.58,12.0
2023-06-24,Books,596.09,8.0
2023-06-24,Home & Garden,1530.44,55.0
2023-06-25,Electronics,1234.49,18.0
2023-06-25,Clothing,636.15,19.0
2023-06-25,Books,657.87,18.0
2023-06-25,Home & Garden,1418.03,51.0
2023-06-26,Electronics,1035.53,15.0
2023-06-26,Clothing,396.23,6.0
2023-06-26,Books,452.6,7.0
2023-06-26,Home & Garden,904.55,15.0
2023-06-27,Electronics,943.41,17.0
2023-06-27,Clothing,467.3,6.0
2023-06-27,Books,510.23,12.0
2023-06-27,Home & Garden,1219.47,46.0
2023-06-28,Electronics,961.33,25.0
2023-06-28,Clothing,360.27,7.0
2023-06-28,Books,487.86,19.0
2023-06-28,Home & Garden,968.38,12.0
2023-06-29,Electronics,1039.27,11.0
2023-06-29,Clothing,338.22,5.0
2023-06-29,Books,392.02,8.0
2023-06-29,Home & Garden,1088.79,15.0
2023-06-30,Electronics,1179.34,21.0
2023-06-30,Clothing,417.01,17.0
2023-06-30,Books,520.63,15.0
2023-06-30,Home & Garden,1057.77,14.0
2023-07-01,Electronics,1328.86,48.0
2023-07-01,Clothing,446.55,8.0
2023-07-01,Books,598.03,8.0
2023-07-01,Home & Garden,1533.65,18.0
2023-07-02,Electronics,1158.0,12.0
2023-07-02,Clothing,503.55,5.0
2023-07-02,Books,728.85,12.0
2023-07-02,Home & Garden,1384.34,20.0
2023-07-03,Electronics,1013.93,34.0
2023-07-03,Clothing,387.69,5.0
2023-07-03,Books,539.1,24.0
2023-07-03,Home & Garden,1150.4,26.0
2023-07-04,Electronics,911.86,34.0
2023-07-04,Clothing,346.96,4.0
2023-07-04,Books,413.83,8.0
2023-07-04,Home & Garden,1103.12,20.0
2023-07-05,Electronics,1022.73,11.0
2023-07-05,Clothing,500.39,8.0
2023-07-05,Books,514.53,10.0
2023-07-05,Home & Garden,1039.15,12.0
2023-07-06,Electronics,1005.49,12.0
2023-07-06,Clothing,413.85,9.0
2023-07-06,Books,504.81,15.0
2023-07-06,Home & Garden,969.88,13.0
2023-07-07,Electronics,976.89,14.0
2023-07-07,Clothing,401.12,5.0
2023-07-07,Books,515.95,8.0
2023-07-07,Home & Garden,1134.46,14.0
2023-07-08,Electronics,1260.98,24.0
2023-07-08,Clothing,454.21,14.0
2023-07-08,Books,635.62,29.0
2023-07-08,Home & Garden,1337.09,43.0
2023-07-09,Electronics,1260.09,13.0
2023-07-09,Clothing,551.54,10.0
2023-07-09,Books,685.73,12.0
2023-07-09,Home & Garden,1092.69,38.0
2023-07-10,Electronics,842.73,12.0
2023-07-10,Clothing,428.03,6.0
2023-07-10,Books,516.27,21.0
2023-07-10,Home & Garden,1202.7,12.0
2023-07-11,Electronics,967.76,10.0
2023-07-11,Clothing,391.17,10.0
2023-07-11,Books,498.38,7.0
2023-07-11,Home & Garden,1014.15,41.0
2023-07-12,Electronics,963.7,11.0
2023-07-12,Clothing,406.07,6.0
2023-07-12,Books,585.09,9.0
2023-07-12,Home & Garden,889.66,16.0
2023-07-13,Electronics,814.43,16.0
2023-07-13,Clothing,398.04,7.0
2023-07-13,Books,566.86,7.0
2023-07-13,Home & Garden,1122.94,54.0
2023-07-14,Electronics,884.21,41.0
2023-07-14,Clothing,302.69,7.0
2023-07-14,Books,511.57,8.0
2023-07-14,Home & Garden,1083.36,29.0
2023-07-15,Electronics,1211.36,42.0
2023-07-15,Clothing,563.92,9.0
2023-07-15,Books,792.56,28.0
2023-07-15,Home & Garden,1332.13,23.0
2023-07-16,Electronics,1153.18,15.0
2023-07-16,Clothing,487.76,8.0
2023-07-16,Books,614.51,11.0
2023-07-16,Home & Garden,1133.66,14.0
2023-07-17,Electronics,861.42,11.0
2023-07-17,Clothing,456.32,8.0
2023-07-17,Books,588.58,26.0
2023-07-17,Home & Garden,987.67,11.0
2023-07-18,Electronics,1116.28,15.0
2023-07-18,Clothing,390.01,4.0
2023-07-18,Books,626.72,25.0
2023-07-18,Home & Garden,1198.62,19.0
2023-07-19,Electronics,955.23,16.0
2023-07-19,Clothing,388.83,5.0
2023-07-19,Books,537.47,21.0
2023-07-19,Home & Garden,1054.15,50.0
2023-07-20,Electronics,785.92,16.0
2023-07-20,Clothing,378.43,5.0
2023-07-20,Books,502.4,15.0
2023-07-20,Home & Garden,1088.69,39.0
2023-07-21,Electronics,1010.48,25.0
2023-07-21,Clothing,451.61,21.0
2023-07-21,Books,620.64,9.0
2023-07-21,Home & Garden,953.29,19.0
2023-07-22,Electronics,1130.33,16.0
2023-07-22,Clothing,536.87,7.0
2023-07-22,Books,771.63,33.0
2023-07-22,Home & Garden,1627.86,17.0
2023-07-23,Electronics,1086.95,11.0
2023-07-23,Clothing,605.17,9.0
2023-07-23,Books,855.64,10.0
2023-07-23,Home & Garden,1403.25,19.0
2023-07-24,Electronics,856.36,9.0
2023-07-24,Clothing,392.54,10.0
2023-07-24,Books,514.15,9.0
2023-07-24,Home & Garden,823.5,12.0
2023-07-25,Electronics,864.44,10.0
2023-07-25,Clothing,419.18,6.0
2023-07-25,Books,627.01,7.0
2023-07-25,Home & Garden,963.14,11.0
2023-07-26,Electronics,864.55,11.0
2023-07-26,Clothing,446.1,8.0
2023-07-26,Books,609.01,7.0
2023-07-26,Home & Garden,1095.38,15.0
2023-07-27,Electronics,890.35,9.0
2023-07-27,Clothing,380.04,4.0
2023-07-27,Books,606.98,7.0
2023-07-27,Home & Garden,951.61,26.0
2023-07-28,Electronics,977.55,12.0
2023-07-28,Clothing,440.55,7.0
2023-07-28,Books,600.9,14.0
2023-07-28,Home & Garden,1279.5,20.0
2023-07-29,Electronics,1209.48,17.0
2023-07-29,Clothing,597.39,7.0
2023-07-29,Books,756.22,36.0
2023-07-29,Home & Garden,1155.3,29.0
2023-07-30,Electronics,1095.37,13.0
2023-07-30,Clothing,530.27,15.0
2023-07-30,Books,899.55,13.0
2023-07-30,Home & Garden,1364.7,39.0
2023-07-31,Electronics,958.45,15.0
2023-07-31,Clothing,421.69,21.0
2023-07-31,Books,549.21,6.0
2023-07-31,Home & Garden,1072.34,22.0
2023-08-01,Electronics,775.93,17.0
2023-08-01,Clothing,432.65,5.0
2023-08-01,Books,702.45,8.0
2023-08-01,Home & Garden,963.98,14.0
2023-08-02,Electronics,726.88,10.0
2023-08-02,Clothing,375.64,19.0
2023-08-02,Books,510.14,6.0
2023-08-02,Home & Garden,1127.47,41.0
2023-08-03,Electronics,796.09,11.0
2023-08-03,Clothing,577.03,23.0
2023-08-03,Books,698.23,11.0
2023-08-03,Home & Garden,1198.15,18.0
2023-08-04,Electronics,924.04,22.0
2023-08-04,Clothing,490.6,6.0
2023-08-04,Books,558.13,23.0
2023-08-04,Home & Garden,994.4,21.0
2023-08-05,Electronics,1159.52,14.0
2023-08-05,Clothing,665.0,11.0
2023-08-05,Books,703.33,15.0
2023-08-05,Home & Garden,1263.9,23.0
2023-08-06,Electronics,1069.54,16.0
2023-08-06,Clothing,604.6,8.0
2023-08-06,Books,716.0,10.0
2023-08-06,Home & Garden,1522.61,18.0
2023-08-07,Electronics,806.65,9.0
2023-08-07,Clothing,429.23,8.0
2023-08-07,Books,732.61,21.0
2023-08-07,Home & Garden,1136.51,23.0
2023-08-08,Electronics,832.73,19.0
2023-08-08,Clothing,394.16,4.0
2023-08-08,Books,590.37,7.0
2023-08-08,Home & Garden,824.57,9.0
2023-08-09,Electronics,858.99,15.0
2023-08-09,Clothing,457.28,8.0
2023-08-09,Books,620.27,11.0
2023-08-09,Home & Garden,1150.58,15.0
2023-08-10,Electronics,764.0,11.0
2023-08-10,Clothing,510.11,17.0
2023-08-10,Books,672.55,7.0
2023-08-10,Home & Garden,1093.1,43.0
2023-08-11,Electronics,800.83,20.0
2023-08-11,Clothing,481.61,12.0
2023-08-11,Books,613.17,15.0
2023-08-11,Home & Garden,1005.46,12.0
2023-08-12,Electronics,1202.66,48.0
2023-08-12,Clothing,627.4,11.0
2023-08-12,Books,620.48,13.0
2023-08-12,Home & Garden,1366.74,15.0
2023-08-13,Electronics,1048.36,11.0
2023-08-13,Clothing,684.35,28.0
2023-08-13,Books,693.91,9.0
2023-08-13,Home & Garden,1184.41,12.0
2023-08-14,Electronics,860.54,24.0
2023-08-14,Clothing,441.85,7.0
2023-08-14,Books,664.82,10.0
2023-08-14,Home & Garden,954.52,20.0
2023-08-15,Electronics,735.15,8.0
2023-08-15,Clothing,468.61,7.0
2023-08-15,Books,572.93,6.0
2023-08-15,Home & Garden,959.69,12.0
2023-08-16,Electronics,803.64,13.0
2023-08-16,Clothing,495.83,19.0
2023-08-16,Books,571.56,17.0
2023-08-16,Home & Garden,672.2,7.0
2023-08-17,Electronics,820.36,14.0
2023-08-17,Clothing,566.58,11.0
2023-08-17,Books,682.43,27.0
2023-08-17,Home & Garden,1139.85,19.0
2023-08-18,Electronics,768.14,32.0
2023-08-18,Clothing,596.7,7.0
2023-08-18,Books,603.37,18.0
2023-08-18,Home & Garden,865.79,19.0
2023-08-19,Electronics,1025.01,28.0
2023-08-19,Clothing,800.37,9.0
2023-08-19,Books,817.05,8.0
2023-08-19,Home & Garden,1027.23,13.0
2023-08-20,Electronics,1097.11,17.0
2023-08-20,Clothing,689.77,12.0
2023-08-20,Books,869.85,10.0
2023-08-20,Home & Garden,1120.62,22.0
2023-08-21,Electronics,780.79,18.0
2023-08-21,Clothing,462.3,6.0
2023-08-21,Books,774.1,9.0
2023-08-21,Home & Garden,1027.71,20.0
2023-08-22,Electronics,773.93,24.0
2023-08-22,Clothing,591.74,8.0
2023-08-22,Books,612.09,7.0
2023-08-22,Home & Garden,1017.97,11.0
2023-08-23,Electronics,739.83,21.0
2023-08-23,Clothing,528.38,6.0
2023-08-23,Books,593.68,11.0
2023-08-23,Home & Garden,957.12,14.0
2023-08-24,Electronics,764.1,8.0
2023-08-24,Clothing,634.56,12.0
2023-08-24,Books,588.54,6.0
2023-08-24,Home & Garden,952.59,18.0
2023-08-25,Electronics,849.27,11.0
2023-08-25,Clothing,706.96,8.0
2023-08-25,Books,673.42,19.0
2023-08-25,Home & Garden,876.56,10.0
2023-08-26,Electronics,999.47,13.0
2023-08-26,Clothing,834.41,18.0
2023-08-26,Books,974.85,17.0
2023-08-26,Home & Garden,1161.02,24.0
2023-08-27,Electronics,1106.02,24.0
2023-08-27,Clothing,742.9,22.0
2023-08-27,Books,936.6,33.0
2023-08-27,Home & Garden,1232.35,31.0
2023-08-28,Electronics,720.81,13.0
2023-08-28,Clothing,525.13,7.0
2023-08-28,Books,747.66,16.0
2023-08-28,Home & Garden,1029.8,12.0
2023-08-29,Electronics,777.54,11.0
2023-08-29,Clothing,582.86,19.0
2023-08-29,Books,589.61,8.0
2023-08-29,Home & Garden,994.32,39.0
2023-08-30,Electronics,765.71,20.0
2023-08-30,Clothing,574.84,7.0
2023-08-30,Books,728.66,10.0
2023-08-30,Home & Garden,764.71,13.0
2023-08-31,Electronics,667.72,29.0
2023-08-31,Clothing,555.63,13.0
2023-08-31,Books,706.58,8.0
2023-08-31,Home & Garden,894.25,11.0
2023-09-01,Electronics,786.26,19.0
2023-09-01,Clothing,668.8,7.0
2023-09-01,Books,719.09,25.0
2023-09-01,Home & Garden,1039.16,19.0
2023-09-02,Electronics,1063.89,17.0
2023-09-02,Clothing,780.92,15.0
2023-09-02,Books,831.09,10.0
2023-09-02,Home & Garden,1118.16,12.0
2023-09-03,Electronics,1022.4,24.0
2023-09-03,Clothing,763.58,8.0
2023-09-03,Books,945.25,44.0
2023-09-03,Home & Garden,1190.46,12.0
2023-09-04,Electronics,663.52,8.0
2023-09-04,Clothing,687.61,16.0
2023-09-04,Books,703.6,25.0
2023-09-04,Home & Garden,1014.86,26.0
2023-09-05,Electronics,728.29,17.0
2023-09-05,Clothing,607.45,9.0
2023-09-05,Books,608.52,8.0
2023-09-05,Home & Garden,760.9,32.0
2023-09-06,Electronics,796.64,9.0
2023-09-06,Clothing,740.92,21.0
2023-09-06,Books,674.54,8.0
2023-09-06,Home & Garden,832.1,37.0
2023-09-07,Electronics,730.46,29.0
2023-09-07,Clothing,713.23,8.0
2023-09-07,Books,619.74,23.0
2023-09-07,Home & Garden,860.93,9.0
2023-09-08,Electronics,793.87,9.0
2023-09-08,Clothing,677.67,10.0
2023-09-08,Books,499.42,11.0
2023-09-08,Home & Garden,891.96,16.0
2023-09-09,Electronics,985.72,11.0
2023-09-09,Clothing,963.62,17.0
2023-09-09,Books,1035.21,15.0
2023-09-09,Home & Garden,1220.5,16.0
2023-09-10,Electronics,942.4,33.0
2023-09-10,Clothing,718.54,14.0
2023-09-10,Books,1086.99,11.0
2023-09-10,Home & Garden,1052.5,15.0
2023-09-11,Electronics,720.83,10.0
2023-09-11,Clothing,777.29,30.0
2023-09-11,Books,637.1,11.0
2023-09-11,Home & Garden,710.41,30.0
2023-09-12,Electronics,685.25,7.0
2023-09-12,Clothing,624.68,13.0
2023-09-12,Books,592.4,9.0
2023-09-12,Home & Garden,805.99,19.0
2023-09-13,Electronics,720.25,35.0
2023-09-13,Clothing,578.93,28.0
2023-09-13,Books,669.08,8.0
2023-09-13,Home & Garden,746.31,11.0
2023-09-14,Electronics,579.16,6.0
2023-09-14,Clothing,692.17,13.0
2023-09-14,Books,706.19,24.0
2023-09-14,Home & Garden,740.99,16.0
2023-09-15,Electronics,787.91,13.0
2023-09-15,Clothing,692.4,9.0
2023-09-15,Books,643.37,12.0
2023-09-15,Home & Garden,675.03,13.0
2023-09-16,Electronics,947.66,14.0
2023-09-16,Clothing,952.99,21.0
2023-09-16,Books,857.79,21.0
2023-09-16,Home & Garden,1041.57,42.0
2023-09-17,Electronics,1069.87,37.0
2023-09-17,Clothing,997.67,20.0
2023-09-17,Books,708.26,24.0
2023-09-17,Home & Garden,945.61,18.0
2023-09-18,Electronics,698.23,26.0
2023-09-18,Clothing,716.46,15.0
2023-09-18,Books,706.71,10.0
2023-09-18,Home & Garden,812.26,17.0
2023-09-19,Electronics,699.45,10.0
2023-09-19,Clothing,719.09,8.0
2023-09-19,Books,762.04,10.0
2023-09-19,Home & Garden,794.15,27.0
2023-09-20,Electronics,624.71,30.0
2023-09-20,Clothing,732.37,14.0
2023-09-20,Books,687.45,10.0
2023-09-20,Home & Garden,621.9,26.0
2023-09-21,Electronics,715.72,15.0
2023-09-21,Clothing,656.14,8.0
2023-09-21,Books,764.6,10.0
2023-09-21,Home & Garden,792.59,15.0
2023-09-22,Electronics,619.63,14.0
2023-09-22,Clothing,805.95,10.0
2023-09-22,Books,794.73,9.0
2023-09-22,Home & Garden,735.3,8.0
2023-09-23,Electronics,901.44,20.0
2023-09-23,Clothing,1046.94,16.0
2023-09-23,Books,1025.9,13.0
2023-09-23,Home & Garden,810.93,11.0
2023-09-24,Electronics,813.26,15.0
2023-09-24,Clothing,937.17,30.0
2023-09-24,Books,880.13,27.0
2023-09-24,Home & Garden,1040.07,47.0
2023-09-25,Electronics,793.54,17.0
2023-09-25,Clothing,864.53,34.0
2023-09-25,Books,581.27,8.0
2023-09-25,Home & Garden,676.86,10.0
2023-09-26,Electronics,614.57,6.0
2023-09-26,Clothing,720.17,13.0
2023-09-26,Books,642.64,11.0
2023-09-26,Home & Garden,761.13,34.0
2023-09-27,Electronics,738.99,15.0
2023-09-27,Clothing,772.9,33.0
2023-09-27,Books,693.34,21.0
2023-09-27,Home & Garden,697.35,32.0
2023-09-28,Electronics,682.28,16.0
2023-09-28,Clothing,903.88,10.0
2023-09-28,Books,748.5,11.0
2023-09-28,Home & Garden,694.14,8.0
2023-09-29,Electronics,692.67,14.0
2023-09-29,Clothing,821.39,17.0
2023-09-29,Books,616.32,10.0
2023-09-29,Home & Garden,722.26,11.0
2023-09-30,Electronics,968.12,18.0
2023-09-30,Clothing,1082.66,25.0
2023-09-30,Books,838.28,34.0
2023-09-30,Home & Garden,860.87,18.0
2023-10-01,Electronics,729.88,11.0
2023-10-01,Clothing,1117.78,36.0
2023-10-01,Books,1098.74,19.0
2023-10-01,Home & Garden,826.34,16.0
2023-10-02,Electronics,777.12,11.0
2023-10-02,Clothing,964.92,27.0
2023-10-02,Books,667.4,11.0
2023-10-02,Home & Garden,686.61,11.0
2023-10-03,Electronics,717.95,11.0
2023-10-03,Clothing,851.87,10.0
2023-10-03,Books,721.44,24.0
2023-10-03,Home & Garden,660.98,8.0
2023-10-04,Electronics,743.94,8.0
2023-10-04,Clothing,790.37,25.0
2023-10-04,Books,726.12,12.0
2023-10-04,Home & Garden,679.89,8.0
2023-10-05,Electronics,576.48,13.0
2023-10-05,Clothing,932.03,26.0
2023-10-05,Books,657.86,11.0
2023-10-05,Home & Garden,768.74,13.0
2023-10-06,Electronics,775.16,8.0
2023-10-06,Clothing,853.11,16.0
2023-10-06,Books,735.7,11.0
2023-10-06,Home & Garden,713.05,7.0
2023-10-07,Electronics,894.09,10.0
2023-10-07,Clothing,1077.21,20.0
2023-10-07,Books,962.54,14.0
2023-10-07,Home & Garden,609.22,6.0
2023-10-08,Electronics,911.14,12.0
2023-10-08,Clothing,1059.84,14.0
2023-10-08,Books,837.92,19.0
2023-10-08,Home & Garden,889.97,18.0
2023-10-09,Electronics,658.81,18.0
2023-10-09,Clothing,928.8,10.0
2023-10-09,Books,764.63,18.0
2023-10-09,Home & Garden,685.27,32.0
2023-10-10,Electronics,754.63,10.0
2023-10-10,Clothing,906.38,29.0
2023-10-10,Books,753.43,10.0
2023-10-10,Home & Garden,694.56,9.0
2023-10-11,Electronics,729.22,27.0
2023-10-11,Clothing,961.67,16.0
2023-10-11,Books,685.66,13.0
2023-10-11,Home & Garden,592.22,23.0
2023-10-12,Electronics,649.5,8.0
2023-10-12,Clothing,848.53,9.0
2023-10-12,Books,564.53,22.0
2023-10-12,Home & Garden,647.46,11.0
2023-10-13,Electronics,752.98,31.0
2023-10-13,Clothing,964.98,37.0
2023-10-13,Books,583.88,15.0
2023-10-13,Home & Garden,580.12,14.0
2023-10-14,Electronics,996.07,22.0
2023-10-14,Clothing,1133.31,20.0
2023-10-14,Books,960.89,10.0
2023-10-14,Home & Garden,708.53,10.0
2023-10-15,Electronics,1046.69,35.0
2023-10-15,Clothing,1012.04,11.0
2023-10-15,Books,629.95,9.0
2023-10-15,Home & Garden,815.84,12.0
2023-10-16,Electronics,724.89,18.0
2023-10-16,Clothing,858.05,11.0
2023-10-16,Books,726.36,11.0
2023-10-16,Home & Garden,641.24,10.0
2023-10-17,Electronics,739.28,18.0
2023-10-17,Clothing,862.81,14.0
2023-10-17,Books,644.32,9.0
2023-10-17,Home & Garden,579.82,24.0
2023-10-18,Electronics,654.2,33.0
2023-10-18,Clothing,1018.35,17.0
2023-10-18,Books,668.78,8.0
2023-10-18,Home & Garden,608.05,30.0
2023-10-19,Electronics,773.31,17.0
2023-10-19,Clothing,842.32,30.0
2023-10-19,Books,597.5,7.0
2023-10-19,Home & Garden,544.41,12.0
2023-10-20,Electronics,734.79,13.0
2023-10-20,Clothing,946.83,10.0
2023-10-20,Books,716.26,26.0
2023-10-20,Home & Garden,581.2,8.0
2023-10-21,Electronics,705.47,10.0
2023-10-21,Clothing,1199.65,16.0
2023-10-21,Books,981.03,10.0
2023-10-21,Home & Garden,849.48,11.0
2023-10-22,Electronics,943.64,22.0
2023-10-22,Clothing,1248.55,44.0
2023-10-22,Books,948.1,40.0
2023-10-22,Home & Garden,838.78,17.0
2023-10-23,Electronics,721.41,13.0
2023-10-23,Clothing,1005.29,18.0
2023-10-23,Books,648.0,13.0
2023-10-23,Home & Garden,500.65,21.0
2023-10-24,Electronics,690.55,8.0
2023-10-24,Clothing,1093.33,12.0
2023-10-24,Books,727.03,13.0
2023-10-24,Home & Garden,500.36,6.0
2023-10-25,Electronics,774.01,11.0
2023-10-25,Clothing,858.0,20.0
2023-10-25,Books,708.79,9.0
2023-10-25,Home & Garden,508.68,11.0
2023-10-26,Electronics,640.97,8.0
2023-10-26,Clothing,1126.2,31.0
2023-10-26,Books,659.26,13.0
2023-10-26,Home & Garden,587.0,24.0
2023-10-27,Electronics,732.7,18.0
2023-10-27,Clothing,875.99,10.0
2023-10-27,Books,664.64,11.0
2023-10-27,Home & Garden,493.64,9.0
2023-10-28,Electronics,1181.18,57.0
2023-10-28,Clothing,1373.61,24.0
2023-10-28,Books,884.25,12.0
2023-10-28,Home & Garden,744.14,17.0
2023-10-29,Electronics,1022.97,17.0
2023-10-29,Clothing,1373.7,14.0
2023-10-29,Books,939.45,32.0
2023-10-29,Home & Garden,739.89,18.0
2023-10-30,Electronics,744.31,16.0
2023-10-30,Clothing,1145.63,23.0
2023-10-30,Books,686.59,8.0
2023-10-30,Home & Garden,534.73,24.0
2023-10-31,Electronics,752.15,9.0
2023-10-31,Clothing,1022.35,18.0
2023-10-31,Books,565.91,22.0
2023-10-31,Home & Garden,483.11,13.0
2023-11-01,Electronics,734.27,9.0
2023-11-01,Clothing,839.0,14.0
2023-11-01,Books,673.45,7.0
2023-11-01,Home & Garden,533.56,20.0
2023-11-02,Electronics,650.78,18.0
2023-11-02,Clothing,947.64,30.0
2023-11-02,Books,756.16,11.0
2023-11-02,Home & Garden,545.15,17.0
2023-11-03,Electronics,784.61,15.0
2023-11-03,Clothing,1131.54,15.0
2023-11-03,Books,614.22,7.0
2023-11-03,Home & Garden,446.95,10.0
2023-11-04,Electronics,1071.55,14.0
2023-11-04,Clothing,1317.88,53.0
2023-11-04,Books,794.13,26.0
2023-11-04,Home & Garden,795.53,8.0
2023-11-05,Electronics,821.64,14.0
2023-11-05,Clothing,1360.06,18.0
2023-11-05,Books,847.56,10.0
2023-11-05,Home & Garden,628.24,11.0
2023-11-06,Electronics,588.85,25.0
2023-11-06,Clothing,1191.26,36.0
2023-11-06,Books,568.26,24.0
2023-11-06,Home & Garden,483.0,6.0
2023-11-07,Electronics,726.55,8.0
2023-11-07,Clothing,1099.57,31.0
2023-11-07,Books,555.01,10.0
2023-11-07,Home & Garden,514.06,8.0
2023-11-08,Electronics,776.72,8.0
2023-11-08,Clothing,974.85,28.0
2023-11-08,Books,686.54,9.0
2023-11-08,Home & Garden,487.47,15.0
2023-11-09,Electronics,903.56,23.0
2023-11-09,Clothing,1029.36,14.0
2023-11-09,Books,593.59,9.0
2023-11-09,Home & Garden,504.54,6.0
2023-11-10,Electronics,744.65,36.0
2023-11-10,Clothing,1054.68,22.0
2023-11-10,Books,572.39,13.0
2023-11-10,Home & Garden,505.93,6.0
2023-11-11,Electronics,956.48,18.0
2023-11-11,Clothing,1414.69,63.0
2023-11-11,Books,1025.52,35.0
2023-11-11,Home & Garden,599.03,14.0
2023-11-12,Electronics,1083.1,11.0
2023-11-12,Clothing,1359.73,58.0
2023-11-12,Books,789.77,15.0
2023-11-12,Home & Garden,688.65,9.0
2023-11-13,Electronics,633.53,8.0
2023-11-13,Clothing,1178.22,29.0
2023-11-13,Books,519.85,7.0
2023-11-13,Home & Garden,504.78,13.0
2023-11-14,Electronics,783.56,21.0
2023-11-14,Clothing,972.84,42.0
2023-11-14,Books,618.78,6.0
2023-11-14,Home & Garden,490.51,7.0
2023-11-15,Electronics,941.4,15.0
2023-11-15,Clothing,911.39,11.0
2023-11-15,Books,584.88,6.0
2023-11-15,Home & Garden,394.17,4.0
2023-11-16,Electronics,774.77,9.0
2023-11-16,Clothing,1185.3,20.0
2023-11-16,Books,547.29,8.0
2023-11-16,Home & Garden,449.84,13.0
2023-11-17,Electronics,863.8,24.0
2023-11-17,Clothing,1044.2,41.0
2023-11-17,Books,471.64,6.0
2023-11-17,Home & Garden,455.07,5.0
2023-11-18,Electronics,1164.46,14.0
2023-11-18,Clothing,1270.78,18.0
2023-11-18,Books,678.88,13.0
2023-11-18,Home & Garden,593.06,26.0
2023-11-19,Electronics,1077.59,54.0
2023-11-19,Clothing,1359.59,25.0
2023-11-19,Books,766.84,8.0
2023-11-19,Home & Garden,571.37,15.0
2023-11-20,Electronics,717.45,19.0
2023-11-20,Clothing,984.07,49.0
2023-11-20,Books,672.82,8.0
2023-11-20,Home & Garden,384.19,4.0
2023-11-21,Electronics,669.33,15.0
2023-11-21,Clothing,1033.28,13.0
2023-11-21,Books,598.24,12.0
2023-11-21,Home & Garden,450.04,5.0
2023-11-22,Electronics,764.38,11.0
2023-11-22,Clothing,1271.0,17.0
2023-11-22,Books,630.03,8.0
2023-11-22,Home & Garden,391.9,12.0
2023-11-23,Electronics,851.21,9.0
2023-11-23,Clothing,1273.55,54.0
2023-11-23,Books,662.44,15.0
2023-11-23,Home & Garden,359.11,5.0
2023-11-24,Electronics,789.63,13.0
2023-11-24,Clothing,1149.21,19.0
2023-11-24,Books,656.8,8.0
2023-11-24,Home & Garden,411.31,5.0
2023-11-25,Electronics,1038.54,11.0
2023-11-25,Clothing,1725.39,23.0
2023-11-25,Books,854.73,20.0
2023-11-25,Home & Garden,562.83,7.0
2023-11-26,Electronics,1018.24,22.0
2023-11-26,Clothing,1306.45,13.0
2023-11-26,Books,832.76,11.0
2023-11-26,Home & Garden,577.26,9.0
2023-11-27,Electronics,833.4,17.0
2023-11-27,Clothing,1208.84,37.0
2023-11-27,Books,653.24,13.0
2023-11-27,Home & Garden,443.26,20.0
2023-11-28,Electronics,710.98,9.0
2023-11-28,Clothing,1096.25,13.0
2023-11-28,Books,638.3,26.0
2023-11-28,Home & Garden,407.28,7.0
2023-11-29,Electronics,901.47,26.0
2023-11-29,Clothing,1188.53,14.0
2023-11-29,Books,474.68,16.0
2023-11-29,Home & Garden,446.16,5.0
2023-11-30,Electronics,806.46,19.0
2023-11-30,Clothing,1045.38,12.0
2023-11-30,Books,665.79,17.0
2023-11-30,Home & Garden,423.54,6.0
2023-12-01,Electronics,954.69,10.0
2023-12-01,Clothing,1177.54,56.0
2023-12-01,Books,576.88,9.0
2023-12-01,Home & Garden,401.57,9.0
2023-12-02,Electronics,998.27,14.0
2023-12-02,Clothing,1293.81,28.0
2023-12-02,Books,726.03,29.0
2023-12-02,Home & Garden,589.17,7.0
2023-12-03,Electronics,1058.81,14.0
2023-12-03,Clothing,1244.26,27.0
2023-12-03,Books,758.81,8.0
2023-12-03,Home & Garden,479.31,7.0
2023-12-04,Electronics,961.86,27.0
2023-12-04,Clothing,1324.98,25.0
2023-12-04,Books,565.48,13.0
2023-12-04,Home & Garden,397.41,9.0
2023-12-05,Electronics,899.74,35.0
2023-12-05,Clothing,1154.74,19.0
2023-12-05,Books,573.26,7.0
2023-12-05,Home & Garden,349.11,5.0
2023-12-06,Electronics,713.07,14.0
2023-12-06,Clothing,1055.2,26.0
2023-12-06,Books,578.78,14.0
2023-12-06,Home & Garden,326.7,8.0
2023-12-07,Electronics,897.47,13.0
2023-12-07,Clothing,1174.25,45.0
2023-12-07,Books,548.77,8.0
2023-12-07,Home & Garden,369.29,5.0
2023-12-08,Electronics,769.12,36.0
2023-12-08,Clothing,1265.87,13.0
2023-12-08,Books,624.18,8.0
2023-12-08,Home & Garden,333.91,5.0
2023-12-09,Electronics,1025.73,15.0
2023-12-09,Clothing,1383.22,15.0
2023-12-09,Books,787.54,22.0
2023-12-09,Home & Garden,504.02,8.0
2023-12-10,Electronics,1283.37,24.0
2023-12-10,Clothing,1704.71,80.0
2023-12-10,Books,628.56,11.0
2023-12-10,Home & Garden,509.49,5.0
2023-12-11,Electronics,999.5,28.0
2023-12-11,Clothing,1137.1,15.0
2023-12-11,Books,566.35,21.0
2023-12-11,Home & Garden,364.19,5.0
2023-12-12,Electronics,891.49,22.0
2023-12-12,Clothing,1276.04,23.0
2023-12-12,Books,663.17,9.0
2023-12-12,Home & Garden,419.58,11.0
2023-12-13,Electronics,862.6,24.0
2023-12-13,Clothing,1211.96,13.0
2023-12-13,Books,517.17,12.0
2023-12-13,Home & Garden,341.43,9.0
2023-12-14,Electronics,907.09,12.0
2023-12-14,Clothing,1098.23,16.0
2023-12-14,Books,525.49,5.0
2023-12-14,Home & Garden,373.7,4.0
2023-12-15,Electronics,964.07,10.0
2023-12-15,Clothing,1240.77,20.0
2023-12-15,Books,581.28,7.0
2023-12-15,Home & Garden,318.3,4.0
2023-12-16,Electronics,1108.54,22.0
2023-12-16,Clothing,1548.52,17.0
2023-12-16,Books,793.46,19.0
2023-12-16,Home & Garden,581.31,12.0
2023-12-17,Electronics,1243.33,15.0
2023-12-17,Clothing,1656.36,29.0
2023-12-17,Books,616.88,8.0
2023-12-17,Home & Garden,500.67,9.0
2023-12-18,Electronics,1119.19,12.0
2023-12-18,Clothing,1098.74,44.0
2023-12-18,Books,514.58,9.0
2023-12-18,Home & Garden,389.62,18.0
2023-12-19,Electronics,940.68,38.0
2023-12-19,Clothing,962.73,16.0
2023-12-19,Books,514.45,7.0
2023-12-19,Home & Garden,409.09,10.0
2023-12-20,Electronics,917.06,36.0
2023-12-20,Clothing,1159.44,33.0
2023-12-20,Books,580.25,7.0
2023-12-20,Home & Garden,368.41,5.0
2023-12-21,Electronics,917.05,20.0
2023-12-21,Clothing,1120.95,28.0
2023-12-21,Books,691.94,14.0
2023-12-21,Home & Garden,399.41,8.0
2023-12-22,Electronics,999.53,22.0
2023-12-22,Clothing,1260.59,14.0
2023-12-22,Books,524.28,11.0
2023-12-22,Home & Garden,365.83,6.0
2023-12-23,Electronics,1217.67,19.0
2023-12-23,Clothing,1422.65,24.0
2023-12-23,Books,710.99,10.0
2023-12-23,Home & Garden,444.93,5.0
2023-12-24,Electronics,1305.63,24.0
2023-12-24,Clothing,1650.65,24.0
2023-12-24,Books,713.61,21.0
2023-12-24,Home & Garden,415.86,6.0
2023-12-25,Electronics,928.54,28.0
2023-12-25,Clothing,1162.51,58.0
2023-12-25,Books,571.49,9.0
2023-12-25,Home & Garden,384.19,12.0
2023-12-26,Electronics,905.02,32.0
2023-12-26,Clothing,1047.68,28.0
2023-12-26,Books,642.76,16.0
2023-12-26,Home & Garden,366.51,15.0
2023-12-27,Electronics,844.39,22.0
2023-12-27,Clothing,1131.33,12.0
2023-12-27,Books,566.28,11.0
2023-12-27,Home & Garden,424.1,8.0
2023-12-28,Electronics,1168.66,15.0
2023-12-28,Clothing,1246.2,37.0
2023-12-28,Books,375.84,4.0
2023-12-28,Home & Garden,350.59,5.0
2023-12-29,Electronics,889.31,13.0
2023-12-29,Clothing,1210.04,41.0
2023-12-29,Books,461.52,6.0
2023-12-29,Home & Garden,335.92,9.0
2023-12-30,Electronics,1404.29,39.0
2023-12-30,Clothing,1523.32,25.0
2023-12-30,Books,634.87,8.0
2023-12-30,Home & Garden,452.78,18.0
2023-12-31,Electronics,1640.7,23.0
2023-12-31,Clothing,1386.53,18.0
2023-12-31,Books,668.24,8.0
2023-12-31,Home & Garden,535.02,6.0
